﻿pos_x,pos_y,rotation,side,designator,mpn,pack,footprint,value,mount_type
48.4,-87.65,-90.0,top,J1,,,PinSocket_1x04_P2.54mm_Vertical,Conn_01x04_Socket,tht
64.175,-91.295,90.0,top,J2,,,PinSocket_1x07_P2.54mm_Vertical,Conn_01x07_Socket,tht
129.3,-80.175,-90.0,top,J3,,,PinSocket_1x06_P2.54mm_Horizontal,Conn_01x06_Socket,tht
89.48,-92.15,90.0,top,J4,,,PinSocket_1x08_P2.54mm_Vertical,Conn_01x08_Socket,tht
106.045,-21.844,90.0,top,J5,,,PinSocket_1x05_P2.54mm_Vertical,Conn_01x05_Socket,tht
97.599734,-29.3,0.0,top,J6,,,PinHeader_2x07_P2.54mm_Vertical,Conn_02x07_Odd_Even,tht
55.06,-23.781,-90.0,top,J7,,,PinSocket_1x09_P2.54mm_Vertical,Conn_01x09_Socket,tht
85.344,-59.855,90.0,top,U1,,None,MODULE_SC0917,SC0917,tht
