﻿Designator,Quantity,Value,Footprint,Package,MPN,DNP,Mount_Type,MF,MAXIMUM_PACKAGE_HEIGHT,Price,Check_prices,STANDARD,PARTREV,SnapEDA_Link,MP,Description_1,Availability,MANUFACTURER,Description,b_max,DESCRIPTION,b_nom,A_max,D_nom,e_nom,Custom Field,Sim.Device,Sim.Pins,SNAPEDA_PN,Sim.Type
BT1,1,BK-18650-PC8,BAT_BK-18650-PC8,None,,,tht,MPD,21.54 mm,None,https://www.snapeda.com/parts/BK-18650-PC8/MPD/view-part/?ref=eda,Manufacturer Recommendations,L,https://www.snapeda.com/parts/BK-18650-PC8/MPD/view-part/?ref=snap,BK-18650-PC8,"
                        
                            Battery Holder (Open) 18650 4 Cell PC Pin
                        
",In Stock,MPD,,,,,,,,,,,,
C1,1,EEUFR1V101B,C_Radial_D5.0mm_H11.0mm_P2.00mm,RADIAL-2 Panasonic,,,tht,Panasonic Electronic,,None,https://www.snapeda.com/parts/EEU-FR1V101B/Panasonic+Electronic+Components/view-part/?ref=eda,,28-FEB-20,https://www.snapeda.com/parts/EEU-FR1V101B/Panasonic+Electronic+Components/view-part/?ref=snap,EEU-FR1V101B,"
                        
                            AL LYTIC, RADIAL, 35VDC, 100UF
                        
",In Stock,,"Polarized capacitor, US symbol",0.65,FR-A,0.6,11.5,8,3.5,100uF,,,,
C2,1,EEUTA1V102,C_Radial_D10.0mm_H16.0mm_P5.00mm,RADIAL-2 Panasonic,,,tht,Panasonic,,None,https://www.snapeda.com/parts/EEUTA1V102/Panasonic/view-part/?ref=eda,,20-DEC-19,https://www.snapeda.com/parts/EEUTA1V102/Panasonic/view-part/?ref=snap,EEUTA1V102,"
                        
                            CAP ALUM 1000UF 20% 35V RADIAL
                        
",In Stock,,"Polarized capacitor, US symbol",0.85,TA-A,0.8,25,16,7.5,1000uF,,,,
"C3, C4, C5",3,0.1uF,C_Radial_D4.0mm_H7.0mm_P1.50mm,,,,tht,,,,,,,,,,,,Unpolarized capacitor,,,,,,,,,,,
"C6, CAP1, CBY1, CC1, CC2, CC3, CC4, CC5",8,1uF,C_Radial_D5.0mm_H11.0mm_P2.00mm,,,,tht,,,,,,,,,,,,Unpolarized capacitor,,,,,,,16V,,,,
C7,1,4.7uF,C_Radial_D4.0mm_H7.0mm_P1.50mm,,,,tht,,,,,,,,,,,,Unpolarized capacitor,,,,,,,,,,,
C8,1,10uF,C_Radial_D5.0mm_H11.0mm_P2.00mm,,,,tht,,,,,,,,,,,,Unpolarized capacitor,,,,,,,,,,,
"CIN1, Cout1, Cout2",3,10uF,C_Radial_D4.0mm_H7.0mm_P1.50mm,,,,tht,,,,,,,,,,,,Unpolarized capacitor,,,,,,,"[CIN1]16V; [Cout1,Cout2]25V",,,,
CSS1,1,100nF,C_Radial_D4.0mm_H7.0mm_P1.50mm,,,,tht,,,,,,,,,,,,Unpolarized capacitor,,,,,,,,,,,
Ccomp1,1,1.1nF,C_Disc_D5.1mm_W3.2mm_P5.00mm,,,,tht,,,,,,,,,,,,Unpolarized capacitor,,,,,,,,,,,
D1,1,1N5822,D_DO-201AD_P15.24mm_Horizontal,,,,tht,,,,,,,,,,,,"40V 3A Schottky Barrier Rectifier Diode, DO-201AD",,,,,,,,,,,
D2,1,PMEG2010AEH,D_SOD-123F,,,,smt,,,,,,,,,,,,"20V, 1A very low Vf MEGA Schottky barrier rectifier, SOD-123F",,,,,,,,,,,
"D3, D4, D5, D6",4,D,D_DO-41_SOD81_P10.16mm_Horizontal,,,,tht,,,,,,,,,,,,"1000V 1A General Purpose Rectifier Diode, DO-41",,,,,,,,D,1=K 2=A,,
J1,1,Conn_01x05_Socket,PinHeader_1x05_P2.54mm_Vertical,,,,tht,,,,,,,,,,,,"Generic connector, single row, 01x05, script generated",,,,,,,,,,,
L1,1,RC-10,L_Radial_D6.0mm_P4.00mm,Radial Bourns - J.W. Miller,,,tht,Bourns,12.2mm,None,https://www.snapeda.com/parts/RLB9012-101KL/Bourns/view-part/?ref=eda,IPC7351B,07/21,https://www.snapeda.com/parts/RLB9012-101KL/Bourns/view-part/?ref=snap,RLB9012-101KL,"
                        
                            Inductors,Radial,100uH,10%,0.33 Ohm DCR Max | Bourns RLB9012-101KL
                        
",In Stock,Bourns,Inductor,,,,,,,100uH,,,RLB9012-102KL,
L2,1,3.3uH,INDAD1227W51L914D355,2520 Murata,,,tht,Murata,,None,https://www.snapeda.com/parts/DFE252010F-3R3M=P2/Murata/view-part/?ref=eda,,,https://www.snapeda.com/parts/DFE252010F-3R3M=P2/Murata/view-part/?ref=snap,DFE252010F-3R3M=P2,"
                        
                            Inductor with Inductance: 3.3uH Tol. +/-20%, Package: 1008 (2520)
                        
",In Stock,,Inductor,,,,,,,,,,,
"Q1, Q2, Q3",3,NMOS,TO92,TO-92-3 ON Semiconductor,,,tht,onsemi,,None,https://www.snapeda.com/parts/BS170/Onsemi/view-part/?ref=eda,,,https://www.snapeda.com/parts/BS170/Onsemi/view-part/?ref=snap,BS170,"
                        
                            N-Channel 60 V 500mA (Ta) 830mW (Ta) Through Hole TO-92-3
                        
",In Stock,,"N-MOSFET transistor, drain/source/gate",,,,,,,,NMOS,1=D 2=G 3=S,,VDMOS
R1,1,158kOhm,R_0805_2012Metric_Pad1.20x1.40mm_HandSolder,,,,smt,,,,,,,,,,,,"Resistor, US symbol",,,,,,,,,,,
R2,1,18.2kOhm,R_0805_2012Metric_Pad1.20x1.40mm_HandSolder,,,,smt,,,,,,,,,,,,"Resistor, US symbol",,,,,,,,,,,
"R3, R4, RC1, RC2, RC3, RC4, RC5",7,100,R_0805_2012Metric_Pad1.20x1.40mm_HandSolder,,,,smt,,,,,,,,,,,,"Resistor, US symbol",,,,,,,,,,,
"R5, R7",2,10kOhm,R_0805_2012Metric_Pad1.20x1.40mm_HandSolder,,,,smt,,,,,,,,,,,,"Resistor, US symbol",,,,,,,,,,,
"R6, R8, R9",3,1MOhm,R_0805_2012Metric_Pad1.20x1.40mm_HandSolder,,,,smt,,,,,,,,,,,,"Resistor, US symbol",,,,,,,,,,,
RF1,1,1k,R_0805_2012Metric_Pad1.20x1.40mm_HandSolder,,,,smt,,,,,,,,,,,,"Resistor, US symbol",,,,,,,,,,,
RSNS1,1,20m,R_0805_2012Metric_Pad1.20x1.40mm_HandSolder,,,,smt,,,,,,,,,,,,"Resistor, US symbol",,,,,,,,,,,
Rcomp1,1,51kOhm,R_0805_2012Metric_Pad1.20x1.40mm_HandSolder,,,,smt,,,,,,,,,,,,"Resistor, US symbol",,,,,,,,,,,
SW1,1,SW_Push,SW_PUSH_6mm,,,,tht,,,,,,,,,,,,"Push button switch, generic, two pins",,,,,,,,,,,
U1,1,LM2576HVS-5,TO-263-5_TabPin3,,,,smt,,,,,,,,,,,,"5V 3A, SIMPLE SWITCHER® Step-Down Voltage Regulator, High Voltage Input, TO-263",,,,,,,,,,,
U2,1,BQ76920PW,TSSOP-20_4.4x6.5mm_P0.65mm,,,,smt,,,,,,,,,,,,"Lithium battery monitor, 3-5 cells, integrated balancing, I2C interface, TSSOP-20",,,,,,,,,,,
U4,1,TPS61085DGK,VSSOP-8_3x3mm_P0.65mm,,,,smt,,,,,,,,,,,,"Step-Up DC-DC Converter, input 2.3V to 6V , output 2.8V to 18.5, VSSOP-8",,,,,,,,,,,
