﻿pos_x,pos_y,rotation,side,designator,mpn,pack,footprint,value,mount_type
67.4535,-189.8136,180.0,top,BT1,,None,BAT_BK-18650-PC8,BK-18650-PC8,tht
124.75,-211.65,90.0,top,C1,,RADIAL-2 Panasonic,C_Radial_D5.0mm_H11.0mm_P2.00mm,EEUFR1V101B,tht
137.2,-203.45,0.0,top,C2,,RADIAL-2 Panasonic,C_Radial_D5.0mm_H11.0mm_P2.00mm,EEUTA1V102,tht
148.7,-181.4,-90.0,top,C3,,,C_Radial_D4.0mm_H7.0mm_P1.50mm,0.1uF,tht
143.15,-181.4,-90.0,top,C4,,,C_Radial_D4.0mm_H7.0mm_P1.50mm,0.1uF,tht
137.6,-181.4,-90.0,top,C5,,,C_Radial_D4.0mm_H7.0mm_P1.50mm,0.1uF,tht
113.15,-186.4,90.0,top,C6,,,C_Radial_D5.0mm_H11.0mm_P2.00mm,1uF,tht
113.9,-178.45,180.0,top,C7,,,C_Radial_D4.0mm_H7.0mm_P1.50mm,4.7uF,tht
112.8,-172.5,90.0,top,C8,,,C_Radial_D5.0mm_H11.0mm_P2.00mm,10uF,tht
113.2,-191.1,-90.0,top,CAP1,,,C_Radial_D5.0mm_H11.0mm_P2.00mm,1uF,tht
124.65,-202.35,-90.0,top,CBY1,,,C_Radial_D5.0mm_H11.0mm_P2.00mm,1uF,tht
120.5,-190.6,90.0,top,CC1,,,C_Radial_D5.0mm_H11.0mm_P2.00mm,1uF,tht
120.4,-184.85,90.0,top,CC2,,,C_Radial_D5.0mm_H11.0mm_P2.00mm,1uF,tht
120.4,-179.05,90.0,top,CC3,,,C_Radial_D5.0mm_H11.0mm_P2.00mm,1uF,tht
120.4,-173.3,90.0,top,CC4,,,C_Radial_D5.0mm_H11.0mm_P2.00mm,1uF,tht
120.45,-167.45,90.0,top,CC5,,,C_Radial_D5.0mm_H11.0mm_P2.00mm,1uF,tht
138.1,-198.15,90.0,top,CIN1,,,C_Radial_D4.0mm_H7.0mm_P1.50mm,10uF,tht
130.25,-198.2,90.0,top,CSS1,,,C_Radial_D4.0mm_H7.0mm_P1.50mm,100nF,tht
120.5,-195.7,0.0,top,Ccomp1,,,C_Disc_D5.1mm_W3.2mm_P5.00mm,1.1nF,tht
111.25,-206.2,0.0,top,Cout1,,,C_Radial_D4.0mm_H7.0mm_P1.50mm,10uF,tht
111.45,-212.55,0.0,top,Cout2,,,C_Radial_D4.0mm_H7.0mm_P1.50mm,10uF,tht
148.35,-203.59,90.0,top,D1,,,D_DO-201AD_P15.24mm_Horizontal,1N5822,tht
113.5,-217.65,0.0,top,D2,,,D_SOD-123F,PMEG2010AEH,smt
136.6,-163.3,0.0,top,D3,,,D_DO-41_SOD81_P10.16mm_Horizontal,D,tht
136.62,-168.3,0.0,top,D4,,,D_DO-41_SOD81_P10.16mm_Horizontal,D,tht
146.83,-173.0,180.0,top,D5,,,D_DO-41_SOD81_P10.16mm_Horizontal,D,tht
150.35,-172.19,90.0,top,D6,,,D_DO-41_SOD81_P10.16mm_Horizontal,D,tht
113.16,-153.1,90.0,top,J1,,,PinSocket_1x05_P2.54mm_Vertical,Conn_01x05_Socket,tht
138.45,-211.2,180.0,top,L1,,Radial Bourns - J.W. Miller,IND_RLB9012-101KL,RC-10,tht
117.75,-208.935,-90.0,top,L2,,2520 Murata,INDAD1227W51L914D355,3.3uH,tht
133.45,-160.39,90.0,top,Q1,,TO-92-3 ON Semiconductor,TO92,NMOS,tht
133.55,-168.2,90.0,top,Q2,,TO-92-3 ON Semiconductor,TO92,NMOS,tht
133.5,-175.85,90.0,top,Q3,,TO-92-3 ON Semiconductor,TO92,NMOS,tht
111.8,-201.8,0.0,top,R1,,,R_0805_2012Metric_Pad1.20x1.40mm_HandSolder,158kOhm,smt
111.8,-199.45,180.0,top,R2,,,R_0805_2012Metric_Pad1.20x1.40mm_HandSolder,18.2kOhm,smt
127.85,-155.2,0.0,top,R3,,,R_0805_2012Metric_Pad1.20x1.40mm_HandSolder,100,smt
127.85,-152.95,0.0,top,R4,,,R_0805_2012Metric_Pad1.20x1.40mm_HandSolder,100,smt
134.0,-153.9,0.0,top,R5,,,R_0805_2012Metric_Pad1.20x1.40mm_HandSolder,10kOhm,smt
127.85,-150.65,180.0,top,R6,,,R_0805_2012Metric_Pad1.20x1.40mm_HandSolder,1MOhm,smt
134.0,-150.7,0.0,top,R7,,,R_0805_2012Metric_Pad1.20x1.40mm_HandSolder,10kOhm,smt
141.55,-177.35,-90.0,top,R8,,,R_0805_2012Metric_Pad1.20x1.40mm_HandSolder,1MOhm,smt
146.1,-177.4,90.0,top,R9,,,R_0805_2012Metric_Pad1.20x1.40mm_HandSolder,1MOhm,smt
128.15,-173.35,180.0,top,RC1,,,R_0805_2012Metric_Pad1.20x1.40mm_HandSolder,100,smt
128.0375,-170.05,180.0,top,RC2,,,R_0805_2012Metric_Pad1.20x1.40mm_HandSolder,100,smt
128.0375,-165.9,180.0,top,RC3,,,R_0805_2012Metric_Pad1.20x1.40mm_HandSolder,100,smt
128.0375,-161.75,180.0,top,RC4,,,R_0805_2012Metric_Pad1.20x1.40mm_HandSolder,100,smt
127.85,-157.8,180.0,top,RC5,,,R_0805_2012Metric_Pad1.20x1.40mm_HandSolder,100,smt
111.85,-165.75,180.0,top,RF1,,,R_0805_2012Metric_Pad1.20x1.40mm_HandSolder,1k,smt
146.7,-159.45,-90.0,top,RSNS1,,,R_0805_2012Metric_Pad1.20x1.40mm_HandSolder,20m,smt
116.45,-196.5,0.0,top,Rcomp1,,,R_0805_2012Metric_Pad1.20x1.40mm_HandSolder,51kOhm,smt
144.8,-155.75,180.0,top,SW1,,,SW_PUSH_6mm,SW_Push,tht
138.65,-228.45,-90.0,top,U1,,,TO-263-5_TabPin3,LM2576HVS-5,smt
116.1125,-158.775,0.0,top,U2,,,TSSOP-20_4.4x6.5mm_P0.65mm,BQ76920PW,smt
117.65,-199.7,0.0,top,U4,,,VSSOP-8_3x3mm_P0.65mm,TPS61085DGK,smt
