﻿pos_x,pos_y,rotation,side,designator,mpn,pack,footprint,value,mount_type
124.495,-95.15,180.0,top,BT1,,None,BAT_BK-18650-PC8,BK-18650-PC8,tht
181.61,-119.094,90.0,top,C1,,RADIAL-2 Panasonic,C_Radial_D5.0mm_H11.0mm_P2.00mm,EEUFR1V101B,tht
194.1915,-110.2364,0.0,top,C2,,RADIAL-2 Panasonic,C_Radial_D10.0mm_H16.0mm_P5.00mm,EEUTA1V102,tht
205.7415,-86.7364,-90.0,top,C3,,,C_Radial_D4.0mm_H7.0mm_P1.50mm,0.1uF,tht
200.1915,-86.7364,-90.0,top,C4,,,C_Radial_D4.0mm_H7.0mm_P1.50mm,0.1uF,tht
194.6415,-86.7364,-90.0,top,C5,,,C_Radial_D4.0mm_H7.0mm_P1.50mm,0.1uF,tht
170.1915,-91.7364,90.0,top,C6,,,C_Radial_D5.0mm_H11.0mm_P2.00mm,1uF,tht
170.9415,-83.7864,180.0,top,C7,,,C_Radial_D4.0mm_H7.0mm_P1.50mm,4.7uF,tht
169.8415,-77.8364,90.0,top,C8,,,C_Radial_D5.0mm_H11.0mm_P2.00mm,10uF,tht
170.2415,-96.4364,-90.0,top,CAP1,,,C_Radial_D5.0mm_H11.0mm_P2.00mm,1uF,tht
181.6915,-107.6864,-90.0,top,CBY1,,,C_Radial_D5.0mm_H11.0mm_P2.00mm,1uF,tht
177.5415,-95.9364,90.0,top,CC1,,,C_Radial_D5.0mm_H11.0mm_P2.00mm,1uF,tht
177.4415,-90.1864,90.0,top,CC2,,,C_Radial_D5.0mm_H11.0mm_P2.00mm,1uF,tht
177.4415,-84.3864,90.0,top,CC3,,,C_Radial_D5.0mm_H11.0mm_P2.00mm,1uF,tht
177.4415,-78.6364,90.0,top,CC4,,,C_Radial_D5.0mm_H11.0mm_P2.00mm,1uF,tht
177.4915,-72.7864,90.0,top,CC5,,,C_Radial_D5.0mm_H11.0mm_P2.00mm,1uF,tht
195.1415,-103.4864,90.0,top,CIN1,,,C_Radial_D4.0mm_H7.0mm_P1.50mm,10uF,tht
187.2915,-103.5364,90.0,top,CSS1,,,C_Radial_D4.0mm_H7.0mm_P1.50mm,100nF,tht
177.5415,-101.0364,0.0,top,Ccomp1,,,C_Disc_D5.1mm_W3.2mm_P5.00mm,1.1nF,tht
168.2915,-111.5364,0.0,top,Cout1,,,C_Radial_D4.0mm_H7.0mm_P1.50mm,10uF,tht
168.4915,-117.8864,0.0,top,Cout2,,,C_Radial_D4.0mm_H7.0mm_P1.50mm,10uF,tht
205.3915,-108.9264,90.0,top,D1,,,D_DO-201AD_P15.24mm_Horizontal,1N5822,tht
170.5415,-122.9864,0.0,top,D2,,,D_SOD-123F,PMEG2010AEH,smt
193.6415,-68.6364,0.0,top,D3,,,D_DO-41_SOD81_P10.16mm_Horizontal,D,tht
193.6615,-73.6364,0.0,top,D4,,,D_DO-41_SOD81_P10.16mm_Horizontal,D,tht
203.8715,-78.3364,180.0,top,D5,,,D_DO-41_SOD81_P10.16mm_Horizontal,D,tht
207.3915,-77.5264,90.0,top,D6,,,D_DO-41_SOD81_P10.16mm_Horizontal,D,tht
170.2015,-58.4364,90.0,top,J1,,,PinHeader_1x05_P2.54mm_Vertical,Conn_01x05_Socket,tht
189.103,-114.046,180.0,top,L1,,Radial Bourns - J.W. Miller,L_Radial_D6.0mm_P4.00mm,RC-10,tht
174.7915,-114.2714,-90.0,top,L2,,2520 Murata,INDAD1227W51L914D355,3.3uH,tht
190.4915,-65.7264,90.0,top,Q1,,TO-92-3 ON Semiconductor,TO92,NMOS,tht
190.5915,-73.5364,90.0,top,Q2,,TO-92-3 ON Semiconductor,TO92,NMOS,tht
190.5415,-81.1864,90.0,top,Q3,,TO-92-3 ON Semiconductor,TO92,NMOS,tht
168.8415,-107.1364,0.0,top,R1,,,R_0805_2012Metric_Pad1.20x1.40mm_HandSolder,158kOhm,smt
168.8415,-104.7864,180.0,top,R2,,,R_0805_2012Metric_Pad1.20x1.40mm_HandSolder,18.2kOhm,smt
184.8915,-60.5364,0.0,top,R3,,,R_0805_2012Metric_Pad1.20x1.40mm_HandSolder,100,smt
184.8915,-58.2864,0.0,top,R4,,,R_0805_2012Metric_Pad1.20x1.40mm_HandSolder,100,smt
191.0415,-59.2364,0.0,top,R5,,,R_0805_2012Metric_Pad1.20x1.40mm_HandSolder,10kOhm,smt
184.8915,-55.9864,180.0,top,R6,,,R_0805_2012Metric_Pad1.20x1.40mm_HandSolder,1MOhm,smt
191.0415,-56.0364,0.0,top,R7,,,R_0805_2012Metric_Pad1.20x1.40mm_HandSolder,10kOhm,smt
198.5915,-82.6864,-90.0,top,R8,,,R_0805_2012Metric_Pad1.20x1.40mm_HandSolder,1MOhm,smt
203.1415,-82.7364,90.0,top,R9,,,R_0805_2012Metric_Pad1.20x1.40mm_HandSolder,1MOhm,smt
185.1915,-78.6864,180.0,top,RC1,,,R_0805_2012Metric_Pad1.20x1.40mm_HandSolder,100,smt
185.079,-75.3864,180.0,top,RC2,,,R_0805_2012Metric_Pad1.20x1.40mm_HandSolder,100,smt
185.079,-71.2364,180.0,top,RC3,,,R_0805_2012Metric_Pad1.20x1.40mm_HandSolder,100,smt
185.079,-67.0864,180.0,top,RC4,,,R_0805_2012Metric_Pad1.20x1.40mm_HandSolder,100,smt
184.8915,-63.1364,180.0,top,RC5,,,R_0805_2012Metric_Pad1.20x1.40mm_HandSolder,100,smt
168.8915,-71.0864,180.0,top,RF1,,,R_0805_2012Metric_Pad1.20x1.40mm_HandSolder,1k,smt
203.7415,-64.7864,-90.0,top,RSNS1,,,R_0805_2012Metric_Pad1.20x1.40mm_HandSolder,20m,smt
173.4915,-101.8364,0.0,top,Rcomp1,,,R_0805_2012Metric_Pad1.20x1.40mm_HandSolder,51kOhm,smt
201.8415,-61.0864,180.0,top,SW1,,,SW_PUSH_6mm,SW_Push,tht
195.726,-127.925,-90.0,top,U1,,,TO-263-5_TabPin3,LM2576HVS-5,smt
173.154,-64.1114,0.0,top,U2,,,TSSOP-20_4.4x6.5mm_P0.65mm,BQ76920PW,smt
174.6915,-105.0364,0.0,top,U4,,,VSSOP-8_3x3mm_P0.65mm,TPS61085DGK,smt
