﻿Designator,Quantity,Value,Footprint,Package,MPN,DNP,Mount_Type,Description,Purpose,MF,Description_1,Price,Check_prices,STANDARD,PARTREV,SnapEDA_Link,MP,SNAPEDA_PN,Availability,MANUFACTURER
J1,1,Conn_01x04_Socket,PinSocket_1x04_P2.54mm_Vertical,,,,tht,"Generic connector, single row, 01x04, script generated",NEO6M,,,,,,,,,,,
J2,1,Conn_01x06_Socket,PinSocket_1x07_P2.54mm_Vertical,,,,tht,"Generic connector, single row, 01x06, script generated",BMP280,,,,,,,,,,,
J3,1,Conn_01x06_Socket,PinSocket_1x06_P2.54mm_Horizontal,,,,tht,"Generic connector, single row, 01x06, script generated",RYLR896,,,,,,,,,,,
J4,1,Conn_01x08_Socket,PinSocket_1x08_P2.54mm_Vertical,,,,tht,"Generic connector, single row, 01x08, script generated",GY-521 MPU-6050,,,,,,,,,,,
U1,1,SC0917,MODULE_SC0917,None,,,tht,,,Raspberry Pi,"
                        
                            RP2040 Raspberry Pi Pico - ARM® Cortex®-M0+ MCU 32-Bit Embedded Evaluation Board
                        
",None,https://www.snapeda.com/parts/SC0917/Raspberry+Pi/view-part/?ref=eda,Manufacturer Recommendations,1.9,https://www.snapeda.com/parts/SC0917/Raspberry+Pi/view-part/?ref=snap,SC0917,SC0915,In Stock,Pi Supply
