﻿pos_x,pos_y,rotation,side,designator,mpn,pack,footprint,value,mount_type
190.95,-61.225,90.0,top,J1,,,PinSocket_1x04_P2.54mm_Vertical,Conn_01x04_Socket,tht
140.8,-57.01,90.0,top,J2,,,PinSocket_1x07_P2.54mm_Vertical,Conn_01x07_Socket,tht
177.825,-93.9,-90.0,top,J3,,,PinSocket_1x06_P2.54mm_Horizontal,Conn_01x06_Socket,tht
190.78,-56.7,90.0,top,J4,,,PinSocket_1x08_P2.54mm_Vertical,Conn_01x08_Socket,tht
168.0972,-41.402,90.0,top,J5,,,PinSocket_1x05_P2.54mm_Vertical,Conn_01x05_Socket,tht
223.99,-68.58,0.0,top,U1,,None,MODULE_SC0917,SC0917,tht
